{
  "project_info": {
    "project_number": "1033204876241",
    "firebase_url": "https://androidprojectfsb-default-rtdb.europe-west1.firebasedatabase.app",
    "project_id": "androidprojectfsb",
    "storage_bucket": "androidprojectfsb.appspot.com"
  },
  "client": [
    {
      "client_info": {
        "mobilesdk_app_id": "1:1033204876241:android:3d257efe8d42f3c158d6f0",
        "android_client_info": {
          "package_name": "com.bohmid.LegendsPocket"
        }
      },
      "oauth_client": [
        {
          "client_id": "1033204876241-n2u6oan636b2b3jnk7cafbibd9qefjpn.apps.googleusercontent.com",
          "client_type": 3
        }
      ],
      "api_key": [
        {
          "current_key": "AIzaSyArt9Aw_Kt-sUAj4o4mxIFDATxdNlEptYI"
        }
      ],
      "services": {
        "appinvite_service": {
          "other_platform_oauth_client": [
            {
              "client_id": "1033204876241-n2u6oan636b2b3jnk7cafbibd9qefjpn.apps.googleusercontent.com",
              "client_type": 3
            }
          ]
        }
      }
    },
    {
      "client_info": {
        "mobilesdk_app_id": "1:1033204876241:android:5f53df7a0568e8d558d6f0",
        "android_client_info": {
          "package_name": "com.example.myapplication"
        }
      },
      "oauth_client": [
        {
          "client_id": "1033204876241-n2u6oan636b2b3jnk7cafbibd9qefjpn.apps.googleusercontent.com",
          "client_type": 3
        }
      ],
      "api_key": [
        {
          "current_key": "AIzaSyArt9Aw_Kt-sUAj4o4mxIFDATxdNlEptYI"
        }
      ],
      "services": {
        "appinvite_service": {
          "other_platform_oauth_client": [
            {
              "client_id": "1033204876241-n2u6oan636b2b3jnk7cafbibd9qefjpn.apps.googleusercontent.com",
              "client_type": 3
            }
          ]
        }
      }
    }
  ],
  "configuration_version": "1"
}